{
    "loss": 0.5797556042671204,
    "accuracy": 0.8034397959709167
}